-- the data in this file was generated by ChatGPT

INSERT INTO Users (id, first_name, last_name, birth_date, password, phone_number, email, is_admin)
VALUES ('123456789', 'John', 'Doe', '1980-01-01', 'password123', '5555555555', 'johndoe@example.com', 0),
       ('234567890', 'Jane', 'Smith', '1985-03-15', 'password456', '5555555556', 'janesmith@example.com', 0),
       ('345678901', 'Bob', 'Johnson', '1990-07-25', 'password789', '5555555557', 'bobjohnson@example.com', 0),
       ('456789012', 'Alice', 'Williams', '1995-11-30', 'passwordabc', '5555555558', 'alicewilliams@example.com', 0),
       ('567890123', 'Charlie', 'Brown', '2000-02-14', 'passworddef', '5555555559', 'charliebrown@example.com', 0),
       ('678901234', 'Chris', 'Charles', '1976-04-15', 'passwordghi', '5555555550', 'chrischarles@example.com', 0);

INSERT INTO Appointments (start_time, end_time, doctor_id, patient_id, description, is_cancelled)
VALUES ('2022-01-01 10:00:00', '2022-01-01 11:00:00', '123456789', '456789012', 'Routine checkup', 0),
       ('2022-01-02 09:00:00', '2022-01-02 10:00:00', '234567890', '567890123', 'Follow-up visit', 0),
       ('2022-01-03 14:00:00', '2022-01-03 15:00:00', '345678901', '678901234', 'Sore throat', 0);

INSERT INTO Doctors (id, type, about, city)
VALUES ('123456789', 'General practitioner', 'Dr. John Doe is a GP with over 20 years of experience', 'New York'),
       ('234567890', 'Cardiologist', 'Dr. Jane Smith specializes in heart health', 'Chicago'),
       ('345678901', 'Pediatrician', 'Dr. Bob Johnson is a pediatric doctor with a passion for children''s health', 'Los Angeles');

INSERT INTO Working_Hours (doctor_id, week_day, start_time, end_time, apt_length)
VALUES ('123456789', 1, '09:00:00', '17:00:00', 10),
       ('123456789', 2, '09:00:00', '17:00:00', 10),
       ('123456789', 3, '09:00:00', '17:00:00', 10),
       ('123456789', 4, '09:00:00', '17:00:00', 10),
       ('123456789', 5, '09:00:00', '17:00:00', 10),
       ('234567890', 1, '08:00:00', '16:00:00', 15),
       ('234567890', 2, '08:00:00', '16:00:00', 15),
       ('234567890', 3, '08:00:00', '16:00:00', 15),
       ('234567890', 4, '08:00:00', '16:00:00', 15),
       ('234567890', 5, '08:00:00', '16:00:00', 15),
       ('345678901', 1, '16:00:00', '20:00:00', 30),
       ('345678901', 2, '16:00:00', '20:00:00', 30),
       ('345678901', 3, '16:00:00', '20:00:00', 30),
       ('345678901', 4, '16:00:00', '20:00:00', 30),
       ('345678901', 5, '16:00:00', '20:00:00', 30),
       ('345678901', 6, '16:00:00', '20:00:00', 30);

-- More appointments data generated partially by ChatGPT
INSERT INTO Appointments (start_time, end_time, doctor_id, patient_id, description, is_cancelled)
VALUES ('2022-12-24 09:00:00', '2022-12-24 10:00:00', '234567890', '567890123', 'Christmas checkup', 0),
       ('2022-12-31 14:00:00', '2022-12-31 15:00:00', '345678901', '678901234', 'New Year checkup', 0),
       ('2023-01-01 10:00:00', '2023-01-01 11:00:00', '123456789', '456789012', 'New Year checkup', 0),
       ('2023-01-02 09:00:00', '2023-01-04 10:00:00', '234567890', '567890123', 'Follow-up visit', 0),
       ('2023-01-03 14:00:00', '2023-01-10 15:00:00', '345678901', '678901234', 'Sore throat', 0),
       ('2023-01-05 10:00:00', '2023-01-19 11:00:00', '345678901', '678901234', 'Flu checkup', 0),
       ('2023-01-07 09:00:00', '2023-01-27 10:00:00', '234567890', '567890123', 'Follow-up visit', 0),
       ('2023-01-08 14:00:00', '2023-02-08 15:00:00', '345678901', '678901234', 'Headache', 0),
       ('2023-01-10 10:00:00', '2023-03-01 11:00:00', '123456789', '456789012', 'Routine checkup', 0),
       ('2023-01-12 09:00:00', '2023-03-17 10:00:00', '234567890', '567890123', 'Follow-up visit', 0);